_id,state,content,post,author,createAt
ObjectId("5eb90089907a5a4b38dad7be"),1,测试内容1,ObjectId("5eb65e4517fdcc113839788a"),ObjectId("5eafc20cfe3e872ee0bebed1"),""2020-05-11T07:36:41.818Z""
ObjectId("5eb90089907a5a4b38dad7c1"),0,测试内容4,ObjectId("5eb65e4517fdcc113839788a"),ObjectId("5eafc20cfe3e872ee0bebed1"),""2020-05-11T07:36:41.823Z""
ObjectId("5eb90089907a5a4b38dad7bd"),0,测试内容0,ObjectId("5eb65e4517fdcc113839788a"),ObjectId("5eafc20cfe3e872ee0bebed1"),""2020-05-11T07:36:41.810Z""
ObjectId("5eb90155f545a20b949c128d"),1,测试内容5,ObjectId("5eb65e4517fdcc113839788a"),ObjectId("5eafc20cfe3e872ee0bebed1"),""2020-05-11T07:40:05.998Z""
ObjectId("5eb90156f545a20b949c128e"),1,测试内容6,ObjectId("5eb65e4517fdcc113839788a"),ObjectId("5eafc20cfe3e872ee0bebed1"),""2020-05-11T07:40:06.005Z""
ObjectId("5eb90156f545a20b949c128f"),1,测试内容7,ObjectId("5eb65e4517fdcc113839788a"),ObjectId("5eafc20cfe3e872ee0bebed1"),""2020-05-11T07:40:06.008Z""
ObjectId("5eb90156f545a20b949c1290"),1,测试内容8,ObjectId("5eb65e4517fdcc113839788a"),ObjectId("5eafc20cfe3e872ee0bebed1"),""2020-05-11T07:40:06.010Z""
ObjectId("5eb90156f545a20b949c1291"),0,测试内容9,ObjectId("5eb65e4517fdcc113839788a"),ObjectId("5eafc20cfe3e872ee0bebed1"),""2020-05-11T07:40:06.012Z""
ObjectId("5edc5dfca071bf047caedb8f"),0,测试评论,ObjectId("5eb65e4517fdcc113839788a"),ObjectId("5eafc20cfe3e872ee0bebed1"),""2020-06-07T03:24:44.092Z""
ObjectId("5edc8ef89eeff528940f7160"),0,hhhhh,ObjectId("5eb65e4517fdcc113839788a"),ObjectId("5eafc20cfe3e872ee0bebed1"),""2020-06-07T06:53:44.155Z""
ObjectId("5edc998e9eeff528940f7161"),0,hhhhhhhhhhhh,ObjectId("5edc8e699eeff528940f715e"),ObjectId("5eafc20cfe3e872ee0bebed1"),""2020-06-07T07:38:54.139Z""
ObjectId("5edc99999eeff528940f7162"),0,tfyrtyrtyrtyrt,ObjectId("5edc8e699eeff528940f715e"),ObjectId("5eafc20cfe3e872ee0bebed1"),""2020-06-07T07:39:05.086Z""
ObjectId("5ee02b37fec7fb32acc05785"),0,12312,ObjectId("5eb65e4517fdcc113839788a"),ObjectId("5eafc20cfe3e872ee0bebed1"),""2020-06-10T00:37:11.286Z""
